date,name
20180101,1월1일
20180215,설날
20180216,설날
20180217,설날
20180301,삼일절
20180505,어린이날
20180507,대체휴무일
20180522,부처님오신날
20180606,현충일
20180613,전국동시지방선거
20180815,광복절
20180923,추석
20180924,추석
20180925,추석
20180926,대체휴무일
20181003,개천절
20181009,한글날
20181225,기독탄신일
20190101,1월1일
20190204,설날
20190205,설날
20190206,설날
20190301,삼일절
20190505,어린이날
20190506,대체공휴일
20190512,부처님오신날
20190606,현충일
20190815,광복절
20190912,추석
20190913,추석
20190914,추석
20191003,개천절
20191009,한글날
20191225,기독탄신일
20200101,1월1일
20200124,설날
20200125,설날
20200126,설날
20200127,설날
20200301,삼일절
20200415,제21대 국회의원선거
20200430,부처님오신날
20200505,어린이날
20200606,현충일
20200815,광복절
20200817,임시공휴일
20200930,추석
20201001,추석
20201002,추석
20201003,개천절
20201009,한글날
20201225,기독탄신일
