date,smp_max,smp_min,smp_mean,supply
2018-02-01,150.65,116.84,132.71,87.47
2018-02-02,163.86,116.84,134.19,86.64
2018-02-03,164.07,116.85,131.39,88.28
2018-02-04,171.0,115.76,131.89,86.14
2018-02-05,170.34,123.89,137.96,90.63
2018-02-06,167.99,119.11,140.06,91.18
2018-02-07,141.07,124.11,132.76,90.09
2018-02-08,147.42,116.84,132.91,87.57
2018-02-09,150.7,116.84,126.95,81.63
2018-02-10,147.2,116.34,130.1,83.0
2018-02-11,149.81,116.91,127.0,82.75
2018-02-12,167.78,124.68,138.91,89.2
2018-02-13,146.75,126.95,132.89,85.22
2018-02-14,168.73,116.84,132.9,75.44
2018-02-15,142.71,116.62,129.99,74.21
2018-02-16,137.18,51.12,121.13,74.96
2018-02-17,152.5,107.61,126.44,78.31
2018-02-18,148.28,116.91,130.39,73.8
2018-02-19,151.67,116.84,133.35,77.87
2018-02-20,145.99,115.16,125.54,76.98
2018-02-21,167.06,116.84,134.82,81.87
2018-02-22,165.91,116.84,134.31,84.73
2018-02-23,143.44,116.84,128.36,80.26
2018-02-24,148.34,116.63,125.61,73.9
2018-02-25,144.2,116.36,126.36,74.19
2018-02-26,146.47,116.84,131.38,78.89
2018-02-27,171.36,116.55,129.76,74.89
2018-02-28,165.98,115.09,130.85,78.61
2018-03-01,181.14,119.65,134.24,80.59
2018-03-02,175.15,120.62,138.56,78.97
2018-03-03,180.97,113.75,133.78,73.19
2018-03-04,154.19,94.96,128.29,65.1
2018-03-05,180.0,119.48,135.75,76.46
2018-03-06,181.06,120.72,134.07,76.67
2018-03-07,180.18,120.76,132.96,77.36
2018-03-08,148.79,120.44,128.11,80.75
2018-03-09,155.29,120.62,137.74,79.37
2018-03-10,156.42,120.74,130.04,77.53
2018-03-11,130.54,111.14,124.04,73.95
2018-03-12,130.55,120.47,124.43,74.94
2018-03-13,128.39,119.18,123.89,70.51
2018-03-14,133.16,116.65,125.3,67.13
2018-03-15,151.53,99.61,132.88,68.89
2018-03-16,157.06,112.95,131.0,76.17
2018-03-17,178.47,119.61,143.32,73.2
2018-03-18,155.53,119.1,133.31,66.22
2018-03-19,157.0,108.57,131.33,76.3
2018-03-20,153.61,118.81,130.42,80.96
2018-03-21,145.02,118.38,134.24,80.62
2018-03-22,150.24,120.23,135.83,80.24
2018-03-23,155.68,120.5,132.32,78.27
2018-03-24,157.11,116.8,129.99,72.59
2018-03-25,159.98,114.86,127.22,69.3
2018-03-26,155.42,119.19,129.68,71.81
2018-03-27,147.7,120.46,125.03,72.05
2018-03-28,145.45,115.13,129.51,69.04
2018-03-29,170.18,110.7,136.7,68.56
2018-03-30,179.64,113.85,133.94,68.84
2018-03-31,173.16,114.06,135.34,66.5
2018-04-01,152.84,117.78,129.73,62.66
2018-04-02,147.17,114.6,128.9,64.46
2018-04-03,146.47,112.57,128.96,63.96
2018-04-04,146.15,115.72,128.51,64.09
2018-04-05,157.0,119.59,128.94,66.18
2018-04-06,146.8,112.89,128.48,73.82
2018-04-07,140.68,104.62,130.96,77.14
2018-04-08,138.56,109.54,132.52,72.41
2018-04-09,153.33,117.05,130.04,71.3
2018-04-10,148.9,112.26,127.17,65.32
2018-04-11,132.11,87.0,123.6,67.31
2018-04-12,149.94,88.3,122.15,65.96
2018-04-13,151.95,88.55,127.18,66.34
2018-04-14,156.29,87.24,118.1,66.9
2018-04-15,139.97,87.93,118.32,70.95
2018-04-16,143.54,120.21,126.7,69.32
2018-04-17,152.17,109.58,128.95,70.04
2018-04-18,153.92,110.44,129.06,71.89
2018-04-19,147.36,120.72,131.39,70.51
2018-04-20,146.85,110.57,126.6,69.56
2018-04-21,150.95,118.85,129.26,64.28
2018-04-22,131.25,120.8,126.33,62.76
2018-04-23,150.47,88.78,130.0,66.84
2018-04-24,150.78,109.58,130.2,67.67
2018-04-25,151.08,108.77,130.26,71.06
2018-04-26,158.91,116.02,130.28,68.0
2018-04-27,145.25,119.45,128.72,66.32
2018-04-28,137.28,118.77,126.08,63.86
2018-04-29,133.41,117.94,126.07,61.98
2018-04-30,132.7,120.22,125.65,63.19
2018-05-01,129.84,117.09,124.66,63.46
2018-05-02,131.69,120.27,124.41,66.53
2018-05-03,177.3,115.01,125.97,67.86
2018-05-04,131.18,120.44,125.36,67.22
2018-05-05,133.71,114.07,125.65,61.13
2018-05-06,129.22,80.38,120.98,61.55
2018-05-07,131.68,114.16,124.83,62.69
2018-05-08,149.58,109.5,128.58,64.51
2018-05-09,152.16,112.58,128.99,64.78
2018-05-10,150.52,113.47,127.54,66.11
2018-05-11,153.79,110.78,127.95,61.16
2018-05-12,130.36,113.91,124.47,60.43
2018-05-13,152.86,80.7,122.69,60.61
2018-05-14,148.5,116.85,129.57,63.13
2018-05-15,153.76,118.78,128.76,63.72
2018-05-16,151.16,115.85,128.5,67.37
2018-05-17,153.96,115.02,127.86,69.54
2018-05-18,153.75,114.09,131.27,66.97
2018-05-19,155.13,81.54,126.92,61.92
2018-05-20,138.67,66.54,105.71,61.66
2018-05-21,146.78,123.53,130.97,62.49
2018-05-22,145.06,120.31,133.14,60.36
2018-05-23,175.9,120.08,137.1,64.34
2018-05-24,171.88,120.35,145.74,62.93
2018-05-25,174.17,120.68,134.43,62.86
2018-05-26,136.67,124.32,129.48,62.04
2018-05-27,176.45,122.58,135.18,61.61
2018-05-28,175.69,123.11,133.92,64.45
2018-05-29,171.07,124.93,138.52,64.45
2018-05-30,173.67,124.33,140.81,65.18
2018-05-31,176.69,124.97,132.31,62.62
2018-06-01,152.46,135.39,144.78,63.87
2018-06-02,170.78,126.35,134.85,62.74
2018-06-03,164.63,126.47,134.25,61.77
2018-06-04,166.75,126.21,141.64,64.6
2018-06-05,189.63,126.82,140.21,64.38
2018-06-06,164.94,127.09,134.7,62.86
2018-06-07,188.69,112.67,145.34,64.56
2018-06-08,150.57,135.01,140.51,63.89
2018-06-09,148.49,111.48,141.16,61.33
2018-06-10,189.58,112.71,142.21,60.38
2018-06-11,189.93,130.94,144.93,63.24
2018-06-12,148.51,133.21,142.29,63.02
2018-06-13,151.1,133.15,140.6,62.43
2018-06-14,166.13,130.71,144.33,64.73
2018-06-15,158.7,127.22,135.96,63.37
2018-06-16,163.96,127.74,135.25,61.36
2018-06-17,164.8,127.43,139.19,61.55
2018-06-18,162.71,126.58,140.62,65.28
2018-06-19,154.82,110.71,141.52,66.21
2018-06-20,160.69,85.85,140.43,66.29
2018-06-21,159.66,126.09,146.03,67.61
2018-06-22,163.85,130.62,144.27,67.33
2018-06-23,162.2,125.93,136.96,63.98
2018-06-24,163.81,126.45,137.05,64.67
2018-06-25,158.12,126.14,143.37,69.63
2018-06-26,149.9,126.02,141.39,77.04
2018-06-27,150.95,126.45,142.24,74.48
2018-06-28,151.13,125.29,139.11,74.48
2018-06-29,170.55,126.22,138.47,73.4
2018-06-30,186.8,87.17,135.26,66.93
2018-07-01,189.6,124.2,153.22,68.48
2018-07-02,181.67,122.39,148.69,74.89
2018-07-03,149.19,130.93,143.05,69.55
2018-07-04,148.23,123.28,142.34,75.19
2018-07-05,157.89,69.48,132.74,74.46
2018-07-06,153.99,67.72,139.86,71.7
2018-07-07,181.92,68.51,145.15,63.2
2018-07-08,153.47,59.88,130.17,63.0
2018-07-09,161.81,56.97,132.78,73.64
2018-07-10,172.55,131.08,153.14,78.7
2018-07-11,175.15,127.66,153.37,82.91
2018-07-12,195.16,138.39,157.29,83.64
2018-07-13,162.81,146.84,154.04,82.69
2018-07-14,187.16,138.4,157.14,78.97
2018-07-15,180.81,124.78,148.33,78.25
2018-07-16,173.55,126.72,154.81,85.44
2018-07-17,187.65,134.21,159.18,85.99
2018-07-18,196.0,122.9,155.71,85.51
2018-07-19,192.66,137.96,158.08,86.7
2018-07-20,237.49,138.49,164.65,88.53
2018-07-21,188.67,137.9,156.28,84.71
2018-07-22,188.06,137.65,153.98,79.81
2018-07-23,194.48,138.01,164.75,90.07
2018-07-24,191.64,138.41,160.71,89.97
2018-07-25,193.35,138.39,158.57,92.74
2018-07-26,193.89,141.27,160.8,92.05
2018-07-27,190.02,138.48,161.61,93.11
2018-07-28,193.6,137.79,155.69,88.82
2018-07-29,195.26,136.9,154.16,86.99
2018-07-30,183.46,130.52,157.47,88.39
2018-07-31,189.61,138.33,161.64,89.98
2018-08-01,191.07,141.6,162.28,92.4
2018-08-02,192.35,141.75,162.43,92.27
2018-08-03,189.78,141.77,161.79,89.04
2018-08-04,195.55,142.01,162.27,88.3
2018-08-05,188.12,141.66,157.76,87.44
2018-08-06,182.5,140.03,166.06,94.94
2018-08-07,194.44,141.77,159.01,94.05
2018-08-08,192.27,141.81,166.09,93.7
2018-08-09,183.46,141.77,166.85,93.81
2018-08-10,195.84,141.77,163.26,94.18
2018-08-11,195.58,141.87,159.61,86.47
2018-08-12,172.46,141.67,156.64,85.67
2018-08-13,190.77,136.36,166.37,94.15
2018-08-14,193.17,141.77,164.43,94.66
2018-08-15,194.22,141.68,163.58,90.4
2018-08-16,195.4,141.45,159.37,85.75
2018-08-17,195.1,141.81,159.15,76.87
2018-08-18,180.96,142.06,157.84,75.66
2018-08-19,188.58,141.97,150.05,78.31
2018-08-20,193.76,140.67,160.14,85.18
2018-08-21,178.02,139.98,156.51,85.92
2018-08-22,180.84,140.76,151.56,84.2
2018-08-23,186.53,133.68,154.32,71.37
2018-08-24,182.2,136.66,161.45,78.36
2018-08-25,152.62,140.98,146.93,77.62
2018-08-26,181.71,140.6,152.21,77.68
2018-08-27,174.47,140.21,158.96,86.16
2018-08-28,188.05,137.36,160.68,85.52
2018-08-29,182.67,133.71,160.84,85.31
2018-08-30,174.29,134.14,159.08,87.98
2018-08-31,173.88,130.84,157.16,87.9
2018-09-01,191.98,138.09,159.37,77.7
2018-09-02,192.16,144.57,160.98,75.6
2018-09-03,184.94,146.21,164.31,80.97
2018-09-04,197.9,144.31,167.35,77.07
2018-09-05,182.72,142.5,165.95,76.07
2018-09-06,183.49,145.52,163.21,74.66
2018-09-07,187.05,143.98,160.74,72.23
2018-09-08,182.17,146.63,163.1,64.52
2018-09-09,192.99,134.33,160.6,64.55
2018-09-10,181.2,142.27,164.46,66.27
2018-09-11,159.39,136.48,153.44,67.07
2018-09-12,161.79,140.2,154.31,70.07
2018-09-13,182.81,88.82,159.42,69.73
2018-09-14,164.46,88.86,152.8,73.81
2018-09-15,202.18,146.58,156.98,71.67
2018-09-16,192.15,59.25,149.37,70.28
2018-09-17,165.94,57.35,142.54,71.83
2018-09-18,175.98,136.16,161.28,71.48
2018-09-19,202.38,148.84,164.38,69.06
2018-09-20,202.36,148.84,168.13,75.67
2018-09-21,173.15,154.78,163.15,75.01
2018-09-22,202.69,155.17,168.32,67.86
2018-09-23,181.03,148.72,166.88,64.43
2018-09-24,202.45,148.72,159.74,55.95
2018-09-25,203.75,148.72,163.38,59.69
2018-09-26,181.36,148.72,165.43,62.48
2018-09-27,174.3,156.65,164.26,64.55
2018-09-28,197.92,148.84,172.56,65.37
2018-09-29,198.46,148.66,169.26,62.83
2018-09-30,200.6,148.72,162.18,61.44
2018-10-01,177.51,145.83,162.93,63.94
2018-10-02,179.15,145.83,160.02,64.02
2018-10-03,195.92,144.98,156.42,62.83
2018-10-04,155.12,144.99,149.29,64.79
2018-10-05,184.71,146.21,156.58,66.22
2018-10-06,185.08,145.8,156.5,61.61
2018-10-07,201.46,146.03,151.21,60.22
2018-10-08,185.02,145.6,156.0,63.3
2018-10-09,186.79,145.86,156.04,63.08
2018-10-10,186.37,146.26,155.69,63.75
2018-10-11,183.1,145.68,163.67,63.92
2018-10-12,182.72,145.83,163.03,63.89
2018-10-13,153.3,145.78,147.91,62.78
2018-10-14,201.46,145.25,152.53,62.41
2018-10-15,191.45,145.81,159.02,64.62
2018-10-16,173.94,145.14,158.66,65.52
2018-10-17,180.46,145.86,164.75,64.91
2018-10-18,182.92,145.83,165.93,65.57
2018-10-19,180.63,145.83,163.96,64.94
2018-10-20,186.22,145.25,158.1,63.03
2018-10-21,182.81,145.15,159.32,61.18
2018-10-22,196.46,145.73,163.55,65.5
2018-10-23,201.17,144.86,162.86,64.52
2018-10-24,175.53,145.42,162.01,64.4
2018-10-25,173.0,145.83,160.86,64.21
2018-10-26,200.68,145.65,164.69,64.43
2018-10-27,174.85,145.56,160.75,62.45
2018-10-28,201.49,145.69,159.61,61.19
2018-10-29,195.83,145.83,162.77,64.8
2018-10-30,187.53,145.83,155.85,65.53
2018-10-31,201.43,146.24,157.79,65.95
2018-11-01,203.85,154.32,168.74,66.26
2018-11-02,171.9,142.44,161.82,65.76
2018-11-03,177.65,141.48,163.33,63.87
2018-11-04,179.9,141.9,165.42,62.7
2018-11-05,205.86,145.81,168.12,65.79
2018-11-06,204.17,144.71,168.46,66.14
2018-11-07,193.55,149.94,161.39,65.59
2018-11-08,187.11,149.94,160.19,66.9
2018-11-09,180.57,149.94,163.48,66.77
2018-11-10,185.79,149.58,166.77,64.49
2018-11-11,167.48,100.04,152.12,62.92
2018-11-12,184.04,133.73,165.63,67.05
2018-11-13,185.26,143.01,162.92,67.35
2018-11-14,190.0,147.26,164.99,68.11
2018-11-15,182.36,141.48,159.4,66.41
2018-11-16,171.31,101.11,154.59,67.26
2018-11-17,172.02,99.67,156.76,66.29
2018-11-18,166.53,95.48,148.43,66.14
2018-11-19,161.95,134.92,154.05,69.59
2018-11-20,163.5,147.68,156.51,70.5
2018-11-21,160.43,144.61,154.65,69.77
2018-11-22,169.43,146.41,156.96,73.43
2018-11-23,206.5,149.07,162.23,73.38
2018-11-24,177.86,102.11,152.31,67.55
2018-11-25,183.49,98.81,153.78,66.51
2018-11-26,165.59,99.82,154.21,69.48
2018-11-27,163.26,139.53,155.4,69.31
2018-11-28,204.02,140.26,163.78,71.08
2018-11-29,204.23,144.53,162.1,70.04
2018-11-30,185.96,149.17,164.16,69.44
2018-12-01,189.08,106.18,169.49,67.57
2018-12-02,193.06,88.98,161.04,64.17
2018-12-03,196.23,160.5,173.87,67.14
2018-12-04,194.37,140.39,175.42,70.67
2018-12-05,196.52,142.83,170.85,73.29
2018-12-06,219.62,155.96,174.03,75.18
2018-12-07,216.15,156.96,178.78,81.61
2018-12-08,217.74,151.6,168.4,80.06
2018-12-09,195.18,89.28,168.12,78.29
2018-12-10,201.14,154.04,176.1,79.78
2018-12-11,219.71,152.11,170.77,79.03
2018-12-12,194.73,148.38,175.2,84.42
2018-12-13,219.21,151.06,174.66,83.11
2018-12-14,199.22,149.14,173.6,83.54
2018-12-15,198.86,161.02,173.94,79.37
2018-12-16,175.56,151.39,166.51,74.17
2018-12-17,177.14,161.58,166.48,82.0
2018-12-18,201.05,161.49,172.24,80.85
2018-12-19,176.76,161.0,167.02,73.9
2018-12-20,218.66,155.58,168.83,76.57
2018-12-21,216.32,149.78,173.92,71.74
2018-12-22,177.75,103.24,163.91,71.11
2018-12-23,198.5,147.55,170.15,74.77
2018-12-24,214.49,160.5,170.59,80.25
2018-12-25,191.42,147.53,169.78,74.63
2018-12-26,205.36,161.71,172.32,80.19
2018-12-27,208.27,161.88,174.74,89.53
2018-12-28,214.13,161.88,180.16,90.76
2018-12-29,209.51,152.53,171.66,86.13
2018-12-30,200.64,159.99,175.13,84.29
2018-12-31,211.99,104.37,170.41,85.75
2019-01-01,168.22,71.64,138.28,81.11
2019-01-02,192.93,142.55,158.79,90.17
2019-01-03,183.19,145.41,155.71,87.34
2019-01-04,175.35,142.88,157.04,85.2
2019-01-05,164.41,106.06,147.77,83.75
2019-01-06,192.13,100.08,152.83,82.32
2019-01-07,193.97,140.41,160.03,85.12
2019-01-08,190.67,146.52,153.94,88.68
2019-01-09,193.5,146.75,160.34,88.52
2019-01-10,192.45,144.49,161.03,86.79
2019-01-11,192.51,138.01,158.77,83.32
2019-01-12,192.24,138.99,160.42,80.81
2019-01-13,192.73,99.82,155.67,81.62
2019-01-14,188.16,132.94,159.58,83.8
2019-01-15,192.02,145.62,159.06,87.05
2019-01-16,190.29,146.36,162.0,93.47
2019-01-17,190.62,145.95,161.14,91.6
2019-01-18,192.89,146.36,157.9,86.66
2019-01-19,181.87,142.17,158.5,79.6
2019-01-20,183.54,99.68,151.87,84.96
2019-01-21,190.33,142.64,162.12,88.0
2019-01-22,191.35,142.51,159.34,86.77
2019-01-23,189.0,131.17,159.2,86.03
2019-01-24,190.28,144.51,161.19,85.09
2019-01-25,187.64,141.19,161.04,87.41
2019-01-26,193.46,144.19,158.62,89.98
2019-01-27,181.53,139.31,154.61,84.16
2019-01-28,191.86,110.86,159.11,87.08
2019-01-29,189.75,133.91,163.04,84.98
2019-01-30,182.75,109.43,155.18,82.15
2019-01-31,194.05,110.62,156.54,91.6
2019-02-01,159.88,116.4,133.5,87.95
2019-02-02,168.75,110.92,136.94,79.2
2019-02-03,166.91,61.72,134.62,73.06
2019-02-04,169.52,114.13,131.18,78.3
2019-02-05,142.88,53.16,121.25,73.45
2019-02-06,160.1,61.72,129.16,72.49
2019-02-07,166.84,125.04,136.11,85.25
2019-02-08,165.46,124.76,139.99,85.17
2019-02-09,164.0,122.58,140.41,89.63
2019-02-10,166.69,126.75,142.92,84.03
2019-02-11,164.14,125.04,141.05,90.72
2019-02-12,169.2,125.04,137.83,85.78
2019-02-13,169.54,125.04,136.21,87.79
2019-02-14,163.19,120.66,132.76,88.15
2019-02-15,167.55,125.04,135.95,87.68
2019-02-16,160.64,113.9,135.76,87.13
2019-02-17,161.83,120.63,135.17,84.73
2019-02-18,168.05,125.04,137.37,84.23
2019-02-19,169.4,116.8,133.36,82.39
2019-02-20,169.47,125.04,136.44,82.82
2019-02-21,161.36,125.04,138.76,83.36
2019-02-22,169.54,124.51,136.38,82.92
2019-02-23,161.67,121.11,141.01,77.61
2019-02-24,165.33,89.7,133.31,77.16
2019-02-25,169.01,116.84,141.62,80.1
2019-02-26,168.62,129.77,142.52,81.53
2019-02-27,167.08,121.24,140.02,81.95
2019-02-28,165.83,113.07,135.37,80.93
2019-03-01,168.66,123.69,142.02,79.3
2019-03-02,169.58,91.06,130.13,77.48
2019-03-03,154.97,93.03,127.65,75.37
2019-03-04,169.3,123.32,133.49,80.49
2019-03-05,169.66,123.8,133.66,78.36
2019-03-06,169.37,123.8,134.74,79.71
2019-03-07,165.81,123.54,134.71,84.43
2019-03-08,169.37,123.8,132.78,81.18
2019-03-09,131.04,117.21,126.69,74.57
2019-03-10,134.95,108.89,126.03,74.93
2019-03-11,165.54,123.8,133.41,79.97
2019-03-12,168.41,118.09,130.22,78.78
2019-03-13,163.47,123.8,143.1,84.49
2019-03-14,168.8,123.8,139.75,83.09
2019-03-15,182.9,114.23,150.07,81.55
2019-03-16,172.69,127.13,152.46,79.1
2019-03-17,163.14,120.66,145.13,77.48
2019-03-18,178.86,117.41,151.62,79.39
2019-03-19,174.06,118.34,150.87,76.91
2019-03-20,180.31,117.47,151.11,73.5
2019-03-21,168.85,114.17,147.59,76.61
2019-03-22,167.19,125.66,152.1,82.27
2019-03-23,174.46,117.71,149.78,82.29
2019-03-24,170.95,114.91,147.13,79.88
2019-03-25,176.15,117.6,150.11,80.02
2019-03-26,171.49,120.48,143.25,77.48
2019-03-27,171.97,114.79,139.69,72.94
2019-03-28,178.56,114.12,148.23,73.05
2019-03-29,179.08,115.26,149.46,72.72
2019-03-30,168.35,109.51,149.03,79.13
2019-03-31,168.35,117.66,149.14,81.4
2019-04-01,217.93,134.52,147.73,80.91
2019-04-02,179.62,127.09,148.66,81.04
2019-04-03,218.06,119.83,147.43,81.98
2019-04-04,181.52,122.51,145.53,77.88
2019-04-05,160.92,136.04,146.23,75.43
2019-04-06,165.45,115.83,146.13,72.17
2019-04-07,165.8,125.14,142.17,68.16
2019-04-08,182.16,120.05,145.95,71.92
2019-04-09,221.96,123.01,151.2,73.71
2019-04-10,224.71,127.39,153.01,78.43
2019-04-11,217.69,126.61,150.53,76.96
2019-04-12,180.36,136.8,146.84,77.04
2019-04-13,176.47,129.7,156.28,74.11
2019-04-14,181.61,127.21,147.16,73.36
2019-04-15,181.48,135.35,148.11,74.73
2019-04-16,157.53,136.49,144.93,69.44
2019-04-17,162.6,136.49,147.63,73.39
2019-04-18,181.74,136.34,145.67,70.74
2019-04-19,181.48,135.42,147.53,67.73
2019-04-20,155.26,124.68,144.4,69.22
2019-04-21,163.95,126.77,147.07,64.02
2019-04-22,164.52,136.96,148.23,65.73
2019-04-23,160.84,125.42,147.19,67.18
2019-04-24,164.66,126.48,146.58,66.42
2019-04-25,164.3,139.15,147.04,66.63
2019-04-26,156.61,136.8,145.24,73.65
2019-04-27,225.06,136.46,149.72,70.14
2019-04-28,164.56,127.99,146.72,66.8
2019-04-29,165.41,135.97,146.38,70.28
2019-04-30,160.79,136.63,147.02,68.97
2019-05-01,146.05,133.43,139.95,68.46
2019-05-02,179.02,136.56,147.09,69.78
2019-05-03,180.46,134.72,145.75,69.67
2019-05-04,182.81,133.33,143.88,66.6
2019-05-05,150.07,133.1,139.69,66.23
2019-05-06,183.65,136.86,143.51,68.31
2019-05-07,143.93,133.43,138.94,70.67
2019-05-08,184.71,133.43,142.56,66.53
2019-05-09,183.37,133.43,142.51,69.18
2019-05-10,176.16,133.43,145.78,68.22
2019-05-11,176.62,132.99,141.83,66.55
2019-05-12,151.15,130.2,139.58,64.82
2019-05-13,147.45,132.47,141.0,65.82
2019-05-14,182.57,133.13,142.65,66.88
2019-05-15,226.1,133.43,163.91,67.16
2019-05-16,184.2,133.43,147.22,67.45
2019-05-17,184.95,133.43,145.18,65.81
2019-05-18,178.17,132.62,145.17,62.51
2019-05-19,183.54,132.9,147.62,62.95
2019-05-20,179.09,133.43,147.84,66.67
2019-05-21,183.25,133.43,144.42,65.77
2019-05-22,146.41,133.43,139.72,65.9
2019-05-23,148.98,132.63,141.28,66.7
2019-05-24,185.3,132.09,142.97,67.01
2019-05-25,180.17,129.27,149.16,65.02
2019-05-26,178.79,127.7,143.77,62.88
2019-05-27,175.65,129.23,145.98,67.05
2019-05-28,178.92,131.59,149.97,64.06
2019-05-29,175.48,134.08,148.34,65.99
2019-05-30,180.1,132.29,147.88,65.02
2019-05-31,180.46,133.22,145.36,63.97
2019-06-01,193.34,129.06,145.29,63.03
2019-06-02,159.37,131.11,141.84,63.08
2019-06-03,150.7,133.94,142.62,65.43
2019-06-04,240.07,132.54,162.13,67.49
2019-06-05,232.18,133.15,173.58,67.27
2019-06-06,239.85,136.87,156.12,67.86
2019-06-07,236.19,131.95,169.61,64.21
2019-06-08,186.16,129.73,150.12,63.27
2019-06-09,190.01,128.08,145.95,62.54
2019-06-10,193.05,131.68,154.07,63.91
2019-06-11,192.37,133.84,144.27,65.17
2019-06-12,191.21,135.75,145.67,65.25
2019-06-13,193.42,133.48,153.81,66.2
2019-06-14,187.75,133.3,151.72,64.98
2019-06-15,188.48,134.46,146.89,63.43
2019-06-16,188.45,130.31,145.13,62.72
2019-06-17,235.98,135.17,187.17,65.36
2019-06-18,238.0,137.84,207.73,65.82
2019-06-19,237.75,140.51,211.85,66.68
2019-06-20,241.07,172.61,214.56,67.32
2019-06-21,239.23,174.81,214.8,67.39
2019-06-22,242.02,137.49,196.74,65.42
2019-06-23,233.26,132.05,181.62,64.12
2019-06-24,238.93,132.05,184.91,66.52
2019-06-25,235.21,137.23,170.25,67.01
2019-06-26,191.36,138.5,157.31,70.62
2019-06-27,162.5,135.26,151.08,70.26
2019-06-28,191.07,136.85,154.48,70.0
2019-06-29,192.26,135.92,153.88,72.63
2019-06-30,192.26,139.62,152.35,67.55
2019-07-01,191.46,149.58,160.04,71.52
2019-07-02,198.15,152.23,157.4,69.86
2019-07-03,161.09,152.25,155.5,69.33
2019-07-04,195.17,149.58,164.76,70.42
2019-07-05,197.41,152.23,157.6,70.61
2019-07-06,196.48,149.5,160.09,68.56
2019-07-07,193.29,149.4,159.54,65.37
2019-07-08,247.87,149.58,187.12,67.86
2019-07-09,167.33,150.88,156.87,68.43
2019-07-10,160.36,152.41,157.51,69.5
2019-07-11,161.19,149.58,155.71,70.13
2019-07-12,167.08,149.58,158.54,70.37
2019-07-13,172.13,149.5,156.47,66.27
2019-07-14,170.0,149.4,158.25,69.22
2019-07-15,163.47,149.26,157.7,72.48
2019-07-16,160.55,152.1,155.77,73.21
2019-07-17,197.86,149.58,159.14,75.92
2019-07-18,250.98,151.56,175.32,73.2
2019-07-19,187.16,150.61,172.2,75.87
2019-07-20,193.13,150.07,160.55,70.26
2019-07-21,189.26,149.4,160.63,74.05
2019-07-22,248.9,149.58,174.43,81.4
2019-07-23,194.51,149.97,167.3,82.75
2019-07-24,189.78,149.88,168.8,83.35
2019-07-25,245.57,149.58,188.49,85.37
2019-07-26,599.28,149.58,184.8,86.26
2019-07-27,158.52,131.91,153.05,82.91
2019-07-28,172.18,147.07,156.41,83.66
2019-07-29,166.63,148.73,157.88,89.53
2019-07-30,198.61,147.11,160.05,93.28
2019-07-31,192.15,146.2,163.09,93.33
2019-08-01,171.92,150.57,164.78,93.97
2019-08-02,176.69,150.68,163.05,92.73
2019-08-03,172.69,149.49,162.28,86.5
2019-08-04,175.91,149.38,160.94,86.89
2019-08-05,233.37,149.81,173.78,90.65
2019-08-06,230.47,149.56,177.38,92.51
2019-08-07,233.62,149.56,181.13,95.82
2019-08-08,230.02,152.3,181.09,96.54
2019-08-09,232.85,151.88,179.34,92.95
2019-08-10,234.57,149.49,171.37,86.02
2019-08-11,171.77,152.26,160.17,84.5
2019-08-12,232.21,149.56,174.33,91.15
2019-08-13,231.05,149.56,174.1,94.01
2019-08-14,177.13,149.56,164.25,92.76
2019-08-15,236.72,149.38,171.91,83.14
2019-08-16,176.03,149.73,163.58,85.45
2019-08-17,178.35,149.51,162.44,85.26
2019-08-18,176.51,149.28,159.75,79.04
2019-08-19,179.48,148.18,164.33,84.16
2019-08-20,173.74,149.56,161.4,87.23
2019-08-21,175.67,150.11,164.1,88.93
2019-08-22,177.52,149.56,162.48,89.48
2019-08-23,174.97,149.56,161.02,84.42
2019-08-24,180.8,151.51,161.28,76.74
2019-08-25,176.11,151.16,160.93,72.08
2019-08-26,174.93,149.56,162.1,81.03
2019-08-27,178.22,152.35,161.24,86.55
2019-08-28,178.9,151.81,161.82,80.11
2019-08-29,172.24,151.45,163.09,73.5
2019-08-30,174.11,149.56,165.24,73.48
2019-08-31,176.95,151.12,161.38,72.24
2019-09-01,185.02,162.75,168.05,68.53
2019-09-02,190.04,161.59,169.32,77.45
2019-09-03,186.95,159.49,169.06,77.69
2019-09-04,226.51,159.32,180.7,75.84
2019-09-05,219.42,156.8,181.7,79.59
2019-09-06,187.07,160.34,173.46,78.08
2019-09-07,190.6,159.16,166.85,73.42
2019-09-08,181.68,159.35,167.43,71.04
2019-09-09,187.5,160.15,167.3,80.2
2019-09-10,191.13,157.37,166.34,80.41
2019-09-11,174.33,161.79,164.68,79.41
2019-09-12,190.1,156.47,165.9,67.16
2019-09-13,171.49,153.09,163.48,62.04
2019-09-14,186.38,159.41,168.55,67.73
2019-09-15,190.17,156.59,166.6,71.33
2019-09-16,172.59,159.69,168.8,74.87
2019-09-17,174.29,158.95,167.1,71.66
2019-09-18,174.09,160.95,167.77,71.15
2019-09-19,177.83,161.62,167.11,69.44
2019-09-20,173.29,159.28,167.03,68.76
2019-09-21,177.19,81.92,158.94,64.56
2019-09-22,183.06,77.57,164.08,61.41
2019-09-23,182.41,160.99,168.43,65.95
2019-09-24,184.92,154.21,167.83,66.15
2019-09-25,175.83,159.41,166.66,66.81
2019-09-26,181.86,160.17,167.82,69.96
2019-09-27,183.07,81.88,161.72,72.16
2019-09-28,185.84,161.22,167.86,73.89
2019-09-29,174.42,78.32,161.98,72.28
2019-09-30,175.87,160.56,167.6,75.9
2019-10-01,182.38,163.9,170.75,73.51
2019-10-02,178.01,161.01,168.01,69.56
2019-10-03,187.58,117.52,166.95,66.38
2019-10-04,173.84,161.81,168.94,69.97
2019-10-05,180.4,132.45,169.4,64.88
2019-10-06,186.57,161.1,170.99,64.26
2019-10-07,180.1,127.61,164.39,66.39
2019-10-08,185.03,134.41,170.77,64.88
2019-10-09,182.27,132.05,168.72,64.59
2019-10-10,182.04,131.77,166.69,66.82
2019-10-11,182.74,119.81,158.37,64.73
2019-10-12,176.53,165.64,172.52,64.23
2019-10-13,175.61,157.5,166.51,62.4
2019-10-14,188.13,90.93,161.0,65.2
2019-10-15,183.96,130.22,166.74,66.77
2019-10-16,183.64,128.26,166.46,66.3
2019-10-17,191.62,92.47,163.73,66.72
2019-10-18,191.92,85.84,162.1,66.04
2019-10-19,193.91,62.04,146.69,63.52
2019-10-20,188.88,59.26,161.69,63.34
2019-10-21,192.63,92.27,158.68,66.09
2019-10-22,192.62,93.25,162.16,66.56
2019-10-23,187.32,92.76,150.39,67.47
2019-10-24,187.6,92.8,154.91,66.48
2019-10-25,180.79,92.81,160.69,66.85
2019-10-26,183.74,96.28,140.82,64.51
2019-10-27,184.84,96.38,148.24,63.31
2019-10-28,192.42,97.54,157.74,67.14
2019-10-29,188.74,131.63,165.8,66.97
2019-10-30,190.44,103.54,145.03,67.02
2019-10-31,182.03,103.54,155.29,67.3
2019-11-01,181.95,77.18,154.36,67.0
2019-11-02,180.73,63.77,150.42,63.8
2019-11-03,181.26,58.68,132.54,65.09
2019-11-04,180.31,77.45,154.57,67.49
2019-11-05,177.61,91.75,162.17,65.46
2019-11-06,180.59,158.45,166.34,66.55
2019-11-07,181.83,162.21,167.18,69.32
2019-11-08,177.69,91.85,164.59,67.85
2019-11-09,183.51,92.65,158.2,65.51
2019-11-10,182.71,89.23,153.95,65.53
2019-11-11,179.89,90.34,162.04,70.77
2019-11-12,185.96,90.34,157.91,67.18
2019-11-13,182.91,89.22,132.13,68.44
2019-11-14,176.15,90.34,139.1,71.15
2019-11-15,171.65,151.17,163.85,71.25
2019-11-16,171.89,157.82,165.92,65.56
2019-11-17,178.36,139.52,162.87,65.14
2019-11-18,170.04,156.79,165.05,70.87
2019-11-19,169.71,84.82,161.75,75.21
2019-11-20,179.72,84.6,162.0,73.61
2019-11-21,179.01,84.58,149.04,71.39
2019-11-22,174.09,81.01,153.25,68.99
2019-11-23,178.21,88.6,136.62,64.85
2019-11-24,184.27,89.04,130.44,64.51
2019-11-25,174.25,75.86,163.62,74.19
2019-11-26,166.94,85.96,160.66,72.18
2019-11-27,172.87,85.52,150.38,77.38
2019-11-28,175.26,88.6,137.97,75.42
2019-11-29,178.38,88.6,142.01,76.27
2019-11-30,173.38,86.22,137.03,68.88
2019-12-01,185.79,135.81,169.78,68.66
2019-12-02,185.55,89.08,145.26,78.18
2019-12-03,194.62,87.79,139.33,78.55
2019-12-04,192.6,88.23,137.73,78.25
2019-12-05,195.16,88.23,147.1,83.52
2019-12-06,197.19,127.92,164.24,84.89
2019-12-07,199.44,88.23,160.68,80.8
2019-12-08,179.37,88.23,151.54,74.76
2019-12-09,176.7,88.23,153.32,80.93
2019-12-10,191.04,88.23,145.43,75.2
2019-12-11,180.72,88.23,148.62,77.07
2019-12-12,188.45,88.23,141.82,81.14
2019-12-13,169.18,88.23,122.79,77.47
2019-12-14,146.9,88.18,107.72,75.64
2019-12-15,152.63,87.63,109.63,70.11
2019-12-16,196.99,88.23,124.52,73.9
2019-12-17,145.51,85.65,107.8,73.88
2019-12-18,146.37,85.57,113.87,80.47
2019-12-19,146.32,85.56,115.52,81.56
2019-12-20,197.87,85.44,113.8,80.89
2019-12-21,153.66,83.73,104.44,77.5
2019-12-22,138.02,82.35,99.62,76.96
2019-12-23,144.25,85.57,99.13,81.7
2019-12-24,420.83,84.57,130.21,81.29
2019-12-25,146.35,85.78,91.86,73.07
2019-12-26,148.89,85.61,98.85,82.38
2019-12-27,204.7,85.47,138.92,84.65
2019-12-28,143.94,89.84,131.05,80.27
2019-12-29,151.05,83.58,121.39,72.94
2019-12-30,149.26,85.85,111.14,77.65
2019-12-31,151.84,87.38,121.19,90.01
2020-01-01,154.95,84.89,107.36,81.3
2020-01-02,207.32,88.79,120.82,80.69
2020-01-03,152.22,88.79,115.41,79.2
2020-01-04,150.43,79.39,111.94,80.59
2020-01-05,202.96,88.79,115.54,77.7
2020-01-06,149.02,88.79,114.33,75.77
2020-01-07,90.68,84.99,88.47,73.05
2020-01-08,90.57,82.55,88.71,86.85
2020-01-09,152.84,85.83,109.34,86.28
2020-01-10,204.67,86.89,113.74,81.83
2020-01-11,150.12,79.37,109.24,81.19
2020-01-12,131.37,79.63,95.92,83.29
2020-01-13,201.08,88.79,131.02,87.61
2020-01-14,155.69,86.72,107.74,93.73
2020-01-15,204.29,86.9,114.96,91.51
2020-01-16,211.86,87.06,123.36,88.81
2020-01-17,154.99,86.9,106.64,91.36
2020-01-18,151.04,81.22,106.0,87.43
2020-01-19,155.32,84.92,106.77,83.52
2020-01-20,152.78,86.49,112.4,88.97
2020-01-21,208.76,87.15,123.61,86.26
2020-01-22,207.03,87.11,126.0,83.08
2020-01-23,152.37,86.49,111.6,75.65
2020-01-24,152.68,72.64,95.86,71.58
2020-01-25,155.46,85.94,99.77,70.02
2020-01-26,92.32,72.64,88.38,72.42
2020-01-27,154.46,78.95,94.07,76.64
2020-01-28,156.57,84.8,103.05,80.25
2020-01-29,154.78,86.99,109.21,82.9
2020-01-30,203.15,84.87,112.85,84.85
2020-01-31,205.89,84.8,117.22,86.06
2020-02-01,194.91,82.33,145.08,81.27
2020-02-02,146.89,74.43,105.99,81.55
2020-02-03,206.45,83.81,116.21,86.64
2020-02-04,197.81,84.18,121.4,85.41
2020-02-05,203.97,82.65,114.89,90.87
2020-02-06,199.18,84.12,120.97,90.06
2020-02-07,201.69,84.28,123.62,84.37
2020-02-08,152.36,77.42,93.72,84.11
2020-02-09,146.77,74.88,93.66,82.41
2020-02-10,173.09,82.82,113.48,83.3
2020-02-11,199.75,84.91,121.86,75.87
2020-02-12,197.67,84.45,109.97,77.11
2020-02-13,198.27,85.02,111.64,74.24
2020-02-14,201.01,84.3,103.99,73.26
2020-02-15,153.83,84.16,97.63,67.03
2020-02-16,132.46,74.43,85.7,83.08
2020-02-17,86.45,80.43,85.15,91.7
2020-02-18,194.37,80.37,115.3,89.34
2020-02-19,200.18,83.33,127.68,84.65
2020-02-20,192.29,80.65,116.47,83.48
2020-02-21,198.25,79.8,137.03,76.18
2020-02-22,162.12,75.94,93.11,78.85
2020-02-23,200.38,74.51,120.64,79.97
2020-02-24,155.39,83.7,88.62,74.34
2020-02-25,155.02,83.73,88.74,71.42
2020-02-26,154.11,84.27,99.48,77.24
2020-02-27,157.68,80.86,103.72,77.31
2020-02-28,201.64,85.15,124.59,81.35
2020-02-29,158.72,83.67,114.51,73.92
2020-03-01,145.93,85.5,95.31,73.4
2020-03-02,143.09,74.85,94.48,82.43
2020-03-03,156.19,86.01,106.85,75.89
2020-03-04,88.22,83.84,87.07,83.86
2020-03-05,157.4,82.47,102.69,84.14
2020-03-06,221.17,87.15,113.25,80.92
2020-03-07,137.51,85.88,104.61,75.73
2020-03-08,145.87,78.59,90.18,72.06
2020-03-09,157.81,85.42,93.23,75.73
2020-03-10,88.57,81.78,87.07,83.12
2020-03-11,164.95,81.68,102.5,83.45
2020-03-12,216.96,86.16,114.02,78.87
2020-03-13,159.09,87.07,97.6,75.16
2020-03-14,139.45,81.36,93.38,81.39
2020-03-15,162.69,78.86,90.06,75.76
2020-03-16,218.77,77.58,129.39,81.51
2020-03-17,225.54,81.08,122.75,77.26
2020-03-18,221.85,85.22,127.3,72.57
2020-03-19,141.9,82.46,98.71,79.57
2020-03-20,166.63,85.36,115.6,76.89
2020-03-21,162.69,79.72,113.12,69.13
2020-03-22,153.21,75.74,121.06,68.16
2020-03-23,190.9,85.59,127.58,74.08
2020-03-24,183.8,84.62,130.02,74.77
2020-03-25,163.84,79.89,115.76,67.58
2020-03-26,137.99,78.69,112.05,70.87
2020-03-27,141.76,80.01,95.49,71.5
2020-03-28,228.52,81.65,126.56,77.13
2020-03-29,217.44,84.66,133.76,71.54
2020-03-30,218.2,87.57,149.84,72.57
2020-03-31,221.11,87.25,129.67,71.36
2020-04-01,188.96,77.39,103.77,75.4
2020-04-02,223.66,67.61,124.76,75.42
2020-04-03,220.37,76.84,117.84,75.03
2020-04-04,130.19,57.22,98.3,74.64
2020-04-05,127.09,51.82,83.48,76.56
2020-04-06,218.1,68.21,124.51,73.34
2020-04-07,220.61,66.61,125.01,75.51
2020-04-08,217.11,67.61,125.72,73.14
2020-04-09,220.82,67.61,131.84,74.24
2020-04-10,222.82,67.61,132.1,72.45
2020-04-11,220.31,82.93,146.26,74.41
2020-04-12,221.07,50.87,108.81,76.31
2020-04-13,217.72,73.93,106.6,78.57
2020-04-14,211.64,77.1,131.06,71.75
2020-04-15,233.13,82.68,146.15,72.96
2020-04-16,214.46,76.93,106.1,68.72
2020-04-17,218.75,76.57,101.41,71.96
2020-04-18,226.22,68.69,125.79,70.04
2020-04-19,231.83,85.77,137.23,69.58
2020-04-20,221.07,74.0,124.68,69.3
2020-04-21,132.07,79.59,95.35,73.88
2020-04-22,216.96,84.25,140.42,75.97
2020-04-23,220.11,73.91,152.09,77.19
2020-04-24,221.2,70.33,171.41,74.99
2020-04-25,226.24,52.19,142.22,68.53
2020-04-26,226.57,119.26,184.07,68.14
2020-04-27,226.19,120.42,183.84,69.56
2020-04-28,226.79,117.22,187.98,72.75
2020-04-29,218.34,57.02,143.61,71.97
2020-04-30,138.61,56.64,83.45,65.19
2020-05-01,121.4,56.99,90.9,64.73
2020-05-02,114.45,53.38,87.19,63.77
2020-05-03,214.3,55.4,122.29,62.23
2020-05-04,194.2,75.24,105.27,64.4
2020-05-05,209.14,56.62,124.66,62.65
2020-05-06,212.39,58.69,149.9,65.15
2020-05-07,208.15,61.39,123.61,66.33
2020-05-08,195.25,60.53,102.19,61.98
2020-05-09,111.72,56.95,86.75,61.38
2020-05-10,114.58,55.8,92.97,62.63
2020-05-11,211.42,80.65,131.47,65.17
2020-05-12,195.37,66.03,103.17,64.74
2020-05-13,227.81,61.88,111.68,66.7
2020-05-14,193.28,66.78,100.46,62.7
2020-05-15,198.23,61.81,102.38,64.91
2020-05-16,220.91,88.5,121.19,61.75
2020-05-17,207.75,65.78,116.82,61.55
2020-05-18,113.31,66.86,98.98,63.91
